customer_id,customer_name,email,city,state,created_at
1,Yan Monteiro,esterda-conceicao@example.org,Moreira,AL,2025-12-30
2,Sr. Pedro Miguel Abreu,gustavomelo@example.com,Oliveira,SP,2025-10-24
3,Sofia Gonçalves,sophiasilveira@example.net,Santos do Sul,SP,2025-04-28
4,Zoe Borges,francisco36@example.net,Fernandes da Serra,RS,2024-09-27
5,Dr. Lucas Gabriel Moraes,hadassa21@example.com,Macedo de Rios,RS,2024-06-24
6,Sr. Davi Lucas Lima,xda-cruz@example.com,Dias,PI,2025-03-12
7,Vitor Cavalcante,costanina@example.org,da Conceição de Goiás,DF,2024-08-05
8,João Felipe Andrade,da-costavitoria@example.com,Moraes da Mata,PE,2025-09-17
9,Francisco Silveira,joao-vitorfonseca@example.org,Sales do Sul,GO,2024-06-30
10,Sr. Calebe Moraes,dlima@example.com,Vieira de Fogaça,PA,2025-04-21
11,Kamilly Rezende,maria-alicerocha@example.net,Macedo Alegre,SC,2025-02-08
12,Sr. Léo Castro,albuquerquemaria-helena@example.org,Pereira de da Luz,MS,2024-10-16
13,Sra. Ana Sophia Câmara,jmarques@example.org,Macedo,PE,2024-06-07
14,Enrico Pastor,alvessophia@example.org,Cunha das Flores,CE,2024-10-26
15,Srta. Luna Marques,oliver57@example.net,Brito de Carvalho,RN,2024-08-22
16,Dra. Isabelly Araújo,pjesus@example.com,da Costa,PR,2026-02-18
17,Isabelly Cardoso,igorpinto@example.org,Pimenta,PA,2025-07-20
18,Dra. Sabrina Araújo,sda-mata@example.net,da Mota,MA,2024-06-12
19,Dra. Valentina da Paz,martinsmaysa@example.org,Mendonça das Flores,DF,2024-08-06
20,Lucas Gabriel Fogaça,iporto@example.com,Fogaça do Oeste,PA,2025-07-04
21,Otávio da Cunha,levi64@example.com,Viana,RR,2026-03-21
22,Paulo Jesus,montenegroluisa@example.org,Porto da Praia,RO,2024-09-21
23,Gabrielly da Rosa,novaesmarcelo@example.net,Moreira,PR,2025-11-23
24,Evelyn Duarte,clarice24@example.org,Viana,DF,2025-11-19
25,Melina Vasconcelos,nfreitas@example.org,Ribeiro de Gomes,RS,2025-09-27
26,Théo Martins,njesus@example.com,Azevedo Paulista,GO,2024-07-07
27,Mariana Almeida,fernandesravi-lucca@example.org,Albuquerque de da Conceição,CE,2025-05-30
28,José Brito,kamillyda-cruz@example.com,Machado do Norte,CE,2025-10-16
29,Matheus da Rosa,sophie58@example.net,Cavalcanti,MA,2025-07-24
30,Yuri Guerra,limamaysa@example.org,Alves do Sul,AC,2026-04-13
31,Esther Ramos,thiago04@example.org,Costela Alegre,AL,2025-06-19
32,Ana Laura Melo,da-luzravi@example.net,Moraes de Goiás,PA,2026-01-06
33,Renan Nogueira,vargasluiz-henrique@example.net,Câmara,AL,2024-10-25
34,Marcos Vinicius Correia,aliciasantos@example.net,Viana,CE,2025-10-12
35,Dom Pereira,caio43@example.org,Brito,MA,2025-01-20
36,Maysa Sales,danilopinto@example.net,Silveira,AC,2026-01-26
37,Fernando Monteiro,beniciomarques@example.com,da Cunha do Sul,MT,2024-05-22
38,Danilo Castro,camargoluigi@example.net,Barbosa de Andrade,PA,2025-09-19
39,Diego Cavalcante,prodrigues@example.com,da Conceição Verde,TO,2025-12-19
40,Dr. Eduardo Pires,ylima@example.net,Montenegro de Minas,CE,2026-03-11
41,Maria Laura das Neves,jose-miguelleao@example.net,Montenegro do Oeste,MS,2024-07-19
42,Bento da Cruz,qmelo@example.com,Lopes,ES,2025-08-27
43,Maria Isis Vieira,cda-paz@example.org,Sousa Paulista,RO,2024-10-31
44,Alice Correia,bryan50@example.com,Aparecida,PB,2024-12-24
45,Maria Cecília Souza,oliver42@example.net,Barbosa,RO,2026-02-04
46,Sra. Ana Cecília das Neves,da-mataerick@example.net,Cardoso Alegre,RO,2025-02-11
47,Bernardo da Cruz,alexiacastro@example.com,Lima,PB,2025-01-15
48,Raquel Novaes,gfarias@example.com,Vasconcelos de da Cruz,MS,2026-03-20
49,Ryan Cardoso,da-luzluan@example.org,da Mata de da Cunha,MA,2025-08-17
50,Dr. Dom Alves,qcavalcante@example.com,Martins,AM,2026-01-02
51,Olivia Azevedo,ioliveira@example.com,Monteiro,PA,2025-12-11
52,Sra. Luiza Caldeira,jvasconcelos@example.org,Lopes Grande,PA,2026-01-24
53,Brayan Santos,estercamargo@example.org,da Mata,MS,2025-11-07
54,Ana Câmara,salesstephany@example.org,Brito,PE,2024-04-27
55,Nicolas Rodrigues,gael-henrique26@example.net,Garcia Grande,RO,2026-04-06
56,Paulo Novais,sousahadassa@example.com,Martins de Pereira,SP,2025-05-15
57,Nicolas Silva,alicedias@example.org,da Costa,PE,2025-10-19
58,Dr. Benjamim Nunes,luanafogaca@example.org,Aragão de Minas,RR,2025-08-15
59,João Vitor Gonçalves,ana-luizada-conceicao@example.org,Souza,MG,2026-03-20
60,Otávio Azevedo,gcosta@example.net,Viana,RN,2024-11-27
61,Isaac Freitas,anna-liz91@example.net,Nogueira da Praia,DF,2024-10-29
62,Dr. Luiz Otávio da Cunha,kcavalcante@example.org,Caldeira,AC,2025-06-09
63,Ana Lívia Costa,caio06@example.com,Rios,AC,2025-04-19
64,Davi Lucas Borges,luiz-felipesantos@example.com,Freitas do Campo,AC,2024-06-21
65,Sr. Ravi Freitas,jrodrigues@example.org,Ferreira,PI,2025-01-26
66,Ana Julia Araújo,bnunes@example.net,Pimenta,AL,2025-10-12
67,Alícia Vasconcelos,vianatheo@example.org,Novais do Oeste,SC,2024-08-26
68,Cecilia Monteiro,laviniacamargo@example.com,Araújo,BA,2024-06-12
69,Natália Oliveira,orocha@example.com,Pinto Verde,PA,2025-07-10
70,Sra. Sabrina Correia,gael-henriquedas-neves@example.net,Rocha de Minas,BA,2024-07-02
71,Pietra Melo,bruna74@example.com,Campos dos Dourados,SE,2024-07-14
72,Caroline da Cruz,britomaria-alice@example.org,Sousa,PR,2024-05-06
73,Valentina Garcia,luananovais@example.com,Araújo de da Rosa,PI,2025-09-09
74,Igor Viana,jmoraes@example.net,Nascimento,PR,2024-09-29
75,Sr. Thomas Mendes,zda-paz@example.com,Novais de da Rosa,RN,2026-04-09
76,Matteo da Rosa,dcarvalho@example.org,Campos da Mata,TO,2025-12-11
77,Luiz Gustavo Aragão,brenocampos@example.com,Souza do Norte,ES,2025-12-12
78,Milena Novaes,joao-gabriel50@example.com,Sales,PI,2026-03-11
79,Cecília Pinto,rebeca56@example.net,Sá de Minas,SC,2024-10-10
80,Daniela Machado,pmachado@example.net,Camargo da Prata,RN,2025-03-23
81,Dr. Apollo Vieira,clarabrito@example.com,Moraes,PE,2026-02-21
82,Ravi Lucca Teixeira,thiago43@example.com,Barros do Amparo,AP,2024-10-18
83,Sofia Aragão,eduardamoura@example.net,Azevedo de da Paz,TO,2026-01-12
84,Davi Lucca Cardoso,felipe13@example.com,Nunes de da Mata,MS,2025-08-18
85,Maria Fernanda Farias,valentim96@example.org,Viana,GO,2025-08-15
86,Raquel Campos,manuelagoncalves@example.com,Araújo da Praia,MT,2025-06-23
87,Pietra Oliveira,salessamuel@example.org,Machado de Fonseca,PI,2024-12-19
88,Lucca Rodrigues,da-cruzlais@example.net,Melo,MT,2024-12-26
89,Luiz Henrique Araújo,jose11@example.net,da Mota,PI,2024-12-23
90,Ana Luiza Caldeira,anthonymendes@example.net,Cassiano,MS,2025-01-17
91,Luiz Miguel Correia,maysacostela@example.net,Castro de Gonçalves,RS,2025-05-17
92,Lorenzo Gonçalves,xcirino@example.org,Souza,AL,2024-05-02
93,Dr. Vitor Fernandes,hda-costa@example.com,Pacheco de Goiás,PR,2025-04-03
94,Lucca Sales,zabreu@example.net,Ferreira das Pedras,PR,2025-07-18
95,Carlos Eduardo Silva,vasconcelosluiz-otavio@example.net,Fogaça,RS,2025-07-10
96,Yan Silveira,dleao@example.com,Aparecida das Pedras,MS,2025-05-31
97,Antony Lima,pintooliver@example.net,Garcia,PE,2025-02-21
98,Isabella Rocha,fsilva@example.com,Albuquerque,PI,2024-07-18
99,Dra. Alexia Rodrigues,danteda-costa@example.net,Marques Verde,AP,2024-11-04
100,Vitor Hugo Rios,santosalicia@example.net,Teixeira de Goiás,AP,2026-02-19
101,Laís Vieira,julianovais@example.net,da Luz,RN,2025-02-10
102,Pietra Nunes,mvasconcelos@example.com,Albuquerque Paulista,SC,2024-07-07
103,Emilly Azevedo,eoliveira@example.org,Costa,MS,2026-04-26
104,Levi Barros,brayannovaes@example.org,Costela,MS,2025-03-31
105,Gustavo Macedo,speixoto@example.com,Lima,SE,2024-11-24
106,Josué da Luz,lsilva@example.net,Dias Alegre,MS,2024-12-18
107,Dr. Lorenzo Campos,ana-beatriz84@example.com,Barros de Minas,MS,2025-06-01
108,Bruna Ramos,adias@example.com,Carvalho de Almeida,RJ,2024-05-17
109,Caio Campos,aliciaporto@example.net,Dias,RJ,2025-06-20
110,Srta. Sabrina Albuquerque,apollocostela@example.net,da Rocha,MT,2024-10-14
111,Sr. Noah da Cunha,azevedooliver@example.net,da Rosa Grande,PI,2024-05-30
112,Apollo Azevedo,dmelo@example.net,das Neves,AL,2025-04-19
113,Marcos Vinicius Vargas,isis86@example.org,Abreu,MS,2026-01-06
114,Luan Jesus,siqueirarodrigo@example.org,Caldeira Paulista,MT,2025-12-02
115,Vitor Hugo Castro,britoluigi@example.org,Pinto,PA,2026-03-08
116,Pietra Cavalcanti,milena82@example.com,Ribeiro da Praia,CE,2026-01-06
117,Maya Cavalcante,sampaioleonardo@example.net,Moreira,SE,2025-01-13
118,João Vitor Pinto,viniciusnunes@example.org,Lopes Paulista,BA,2026-01-15
119,Luiz Gustavo Macedo,isabellybrito@example.net,Araújo,PE,2024-05-18
120,Pietra Gonçalves,vasconcelosdante@example.org,Moreira,DF,2025-06-13
121,Sra. Aurora Marques,arthur-miguel09@example.net,Almeida Paulista,PI,2025-03-14
122,Ana Beatriz Casa Grande,kcosta@example.net,Pinto dos Dourados,MS,2025-03-25
123,Maria Laura Ramos,eda-mota@example.com,Nogueira,DF,2025-10-11
124,Sr. Luiz Miguel Almeida,luanpeixoto@example.org,Cavalcanti,CE,2024-09-12
125,Julia Pereira,vbarbosa@example.org,Garcia,MS,2024-07-21
126,Mariane Costela,joao-gabriel29@example.com,Borges,MG,2024-10-15
127,Sr. Paulo Fogaça,lorenzo84@example.org,Novais de Cavalcanti,AP,2024-12-02
128,Joaquim Vasconcelos,salevi@example.net,Cavalcanti,MT,2025-05-27
129,Ágatha Cardoso,ottoborges@example.net,Sousa,PB,2025-09-05
130,Srta. Juliana Sá,svasconcelos@example.net,Rocha,PI,2024-05-07
131,Luiz Henrique Aparecida,eloah98@example.org,Montenegro,DF,2026-03-28
132,Julia Duarte,rodriguesdaniela@example.com,Viana de Moreira,AM,2025-06-22
133,Enzo Melo,duartejuan@example.com,Pereira,AL,2024-09-11
134,Vitor Gabriel Ferreira,maiteda-luz@example.com,Nogueira,MS,2025-03-07
135,Emilly Abreu,icaldeira@example.net,Moreira,PE,2026-04-16
136,Vicente da Cunha,fernandesvalentina@example.net,Souza do Sul,RJ,2025-07-11
137,Benjamin Sampaio,elisa23@example.com,Sales dos Dourados,PE,2025-01-09
138,Anna Liz Ferreira,cauafernandes@example.org,Costa,MT,2024-06-26
139,Arthur Miguel Jesus,leticia11@example.org,da Mota de Minas,PB,2026-03-07
140,Theodoro Ribeiro,psa@example.org,Souza,PB,2024-07-21
141,Noah Cavalcanti,sophia41@example.com,Rezende,PR,2025-07-28
142,Bella Oliveira,rezendealana@example.com,Correia,SE,2025-04-17
143,Hadassa Pinto,theodoro28@example.com,Santos Verde,TO,2025-02-14
144,Bruno Montenegro,jpastor@example.org,Rodrigues,TO,2024-12-15
145,Cecilia Costela,jadecasa-grande@example.org,Azevedo,AP,2025-10-26
146,Ravy Pires,montenegroisadora@example.net,Barbosa da Prata,RO,2025-05-14
147,Sr. Lucas Gabriel Garcia,benjaminalmeida@example.com,Abreu,DF,2025-06-25
148,Sr. Luiz Miguel Nascimento,mariacarvalho@example.org,Vasconcelos,BA,2026-03-25
149,Maria Clara Pimenta,cauepeixoto@example.net,Peixoto,RJ,2026-01-05
150,Erick Souza,costelamateus@example.net,Sousa,CE,2024-06-24
151,Srta. Alice Marques,fernandoda-mata@example.org,Porto da Serra,PR,2026-04-19
152,Benicio Mendes,das-nevesjulia@example.org,da Rosa do Amparo,GO,2025-04-15
153,Guilherme Melo,aragaobenjamim@example.org,Albuquerque,MA,2024-07-06
154,Isabella Melo,da-conceicaobianca@example.com,Lima,AC,2025-06-06
155,Agatha Vieira,garciaanna-liz@example.org,Pires,PR,2024-06-21
156,Thiago Sampaio,balmeida@example.net,Vasconcelos de Souza,RN,2024-06-17
157,Stephany da Costa,brenda61@example.org,Cirino,SP,2026-02-02
158,Sr. Pietro Cavalcante,claramoraes@example.org,Nascimento do Oeste,AM,2024-12-12
159,Allana Pimenta,maria-juliamelo@example.com,Marques do Norte,MS,2025-04-12
160,Davi Luiz Martins,danilo67@example.com,Monteiro,RJ,2025-08-23
161,Maria Laura Lopes,sabrinamarques@example.net,Rios Grande,RS,2024-11-13
162,Manuella Cirino,ecardoso@example.net,Lima,RN,2024-09-05
163,Kaique Correia,aragaoluiz-fernando@example.net,Monteiro das Pedras,AL,2024-06-02
164,Heloísa Mendes,nsampaio@example.com,Vargas da Serra,RN,2026-02-17
165,Joaquim da Conceição,laisrocha@example.com,das Neves da Praia,MT,2025-11-29
166,Dr. Vinícius Ribeiro,eaparecida@example.net,Nascimento do Galho,AP,2025-10-10
167,Ana Liz da Cruz,bda-cruz@example.net,Pinto,GO,2024-07-29
168,Maya Dias,jose69@example.net,da Mota do Norte,DF,2024-08-01
169,Alícia Almeida,rafaeladuarte@example.com,Sales,MA,2025-04-30
170,Sr. Josué Teixeira,yan92@example.org,Campos,RR,2024-08-18
171,Maria Julia Abreu,danteda-conceicao@example.net,Martins da Praia,ES,2025-08-31
172,Catarina Borges,sampaioana-cecilia@example.com,Almeida do Norte,MA,2024-12-10
173,Ana Lívia da Cruz,ymendonca@example.com,Nunes,RN,2025-01-20
174,Vicente Brito,sampaiovalentim@example.net,Camargo,PA,2026-03-23
175,Marina Rezende,meloeduarda@example.net,Caldeira,SE,2025-12-13
176,Rafael Nascimento,pedro-lucascardoso@example.org,Pinto,AL,2024-07-24
177,Ravi Pimenta,lorena83@example.org,Fogaça,SE,2025-10-13
178,Dom Silva,borgesanthony-gabriel@example.net,Souza,RS,2026-02-13
179,Ana Julia Casa Grande,maysacunha@example.com,da Conceição de Porto,AL,2025-10-21
180,Antonella Fernandes,oguerra@example.com,Lima,SC,2025-12-08
181,Gael Novais,casa-grandecamila@example.org,Souza,MT,2025-09-28
182,Sra. Helena Carvalho,diogo65@example.net,Casa Grande,RR,2026-01-23
183,Mateus Azevedo,manuellacaldeira@example.org,Almeida,CE,2025-09-16
184,Davi Pastor,pachecoluana@example.org,Câmara de Goiás,PB,2025-07-28
185,Fernanda Martins,enzo-gabrielnogueira@example.com,Pastor do Campo,RO,2026-03-19
186,Ana Luiza Novaes,rsiqueira@example.net,Farias de Moreira,RO,2024-07-31
187,Bento da Costa,sampaiomarina@example.com,Leão,PE,2024-06-07
188,Lara Borges,ceciliarocha@example.org,Santos de Macedo,MA,2025-02-27
189,José Abreu,wmelo@example.net,Vargas,RR,2026-03-11
190,Maria Júlia Vasconcelos,bpimenta@example.org,Mendonça,RO,2024-11-22
191,Thales Borges,qnovais@example.com,Correia,AL,2024-09-06
192,Dra. Clara Casa Grande,vramos@example.org,Rezende,SC,2024-09-01
193,Maria Eduarda Costa,sfernandes@example.org,Camargo,RO,2025-03-25
194,Matheus Mendes,helenabarros@example.org,Barros de Fernandes,GO,2026-03-04
195,Laura Novais,xda-costa@example.com,das Neves,DF,2026-01-30
196,Helena Correia,freitasaurora@example.org,Sousa,BA,2024-05-17
197,Nicole Cassiano,emanuelnunes@example.net,Garcia dos Dourados,BA,2024-07-16
198,Oliver Câmara,fernanda19@example.net,da Mota de Aparecida,TO,2025-10-18
199,Srta. Sara Sampaio,das-nevesanthony@example.org,Fernandes,TO,2025-12-01
200,Pedro Henrique Pastor,marianaferreira@example.net,da Paz de Minas,RN,2024-08-14
